,Brand Name,Smartphone Name,Colour,RAM,Storage ROM,Primary Camera,Secondary Camera,Display Size,Display Resolution,Processor Info,Processor Cores,Battery Capacity,Price Info,Product URL
0,XIAOMI,"REDMI 9i (Midnight Black, 64 GB)",Midnight Black,4 GB RAM , 64 GB ROM ,13MP Rear Camera , 5MP Front Camera,16.59 cm (6.53 inch),HD+ Display,MediaTek Helio G25 Processor,Octa Core,5000 mAh,"₹7,999",https://www.flipkart.com/redmi-9i-midnight-black-64-gb/p/itm0e1018dac2627?pid=MOBFV8RYKWQ3HACE&lid=LSTMOBFV8RYKWQ3HACEV2QOWQ&marketplace=FLIPKART&q=xiaomi+smartphone&store=tyy%2F4io&srno=s_1_1&otracker=search&otracker1=search&fm=SEARCH&iid=f7a3dabb-2211-4bf3-8995-035dc20092cc.MOBFV8RYKWQ3HACE.SEARCH&ppt=hp&ppn=homepage&ssid=t0b56fsjsw0000001623076876939&qH=6cd432542380f9e8
1,XIAOMI,"REDMI 9i (Sea Blue, 64 GB)",Sea Blue,4 GB RAM , 64 GB ROM ,13MP Rear Camera , 5MP Front Camera,16.59 cm (6.53 inch),HD+ Display,MediaTek Helio G25 Processor,Octa Core,5000 mAh,"₹7,999",https://www.flipkart.com/redmi-9i-sea-blue-64-gb/p/itmfb30d06b478fc?pid=MOBFV8RYTHGA8BY9&lid=LSTMOBFV8RYTHGA8BY94NDC4M&marketplace=FLIPKART&q=xiaomi+smartphone&store=tyy%2F4io&srno=s_1_2&otracker=search&otracker1=search&fm=SEARCH&iid=f7a3dabb-2211-4bf3-8995-035dc20092cc.MOBFV8RYTHGA8BY9.SEARCH&ppt=hp&ppn=homepage&ssid=t0b56fsjsw0000001623076876939&qH=6cd432542380f9e8
2,XIAOMI,"REDMI 9i (Nature Green, 64 GB)",Nature Green,4 GB RAM , 64 GB ROM ,13MP Rear Camera , 5MP Front Camera,16.59 cm (6.53 inch),HD+ Display,MediaTek Helio G25 Processor,Octa Core,5000 mAh,"₹7,999",https://www.flipkart.com/redmi-9i-nature-green-64-gb/p/itm2e2fcd7b3eb7b?pid=MOBFV8RYNA4FVEH7&lid=LSTMOBFV8RYNA4FVEH7NNKUZA&marketplace=FLIPKART&q=xiaomi+smartphone&store=tyy%2F4io&srno=s_1_3&otracker=search&otracker1=search&fm=SEARCH&iid=f7a3dabb-2211-4bf3-8995-035dc20092cc.MOBFV8RYNA4FVEH7.SEARCH&ppt=hp&ppn=homepage&ssid=t0b56fsjsw0000001623076876939&qH=6cd432542380f9e8
3,XIAOMI,"REDMI Note 9 (Pebble Grey, 64 GB)",Pebble Grey,4 GB RAM , 64 GB ROM ,48MP + 8MP + 2MP + 2MP , 13MP Front Camera,16.59 cm (6.53 inch),Full HD+ Display,MediaTek Helio G85 Processor,Octa Core,5020 mAh,"₹10,999",https://www.flipkart.com/redmi-note-9-pebble-grey-64-gb/p/itmb9c65ffe0ee74?pid=MOBFU3ZFQ3GAGANG&lid=LSTMOBFU3ZFQ3GAGANG1QDSWB&marketplace=FLIPKART&q=xiaomi+smartphone&store=tyy%2F4io&srno=s_1_4&otracker=search&otracker1=search&fm=SEARCH&iid=f7a3dabb-2211-4bf3-8995-035dc20092cc.MOBFU3ZFQ3GAGANG.SEARCH&ppt=hp&ppn=homepage&ssid=t0b56fsjsw0000001623076876939&qH=6cd432542380f9e8
4,XIAOMI,"REDMI 9 Power (Electric Green, 64 GB)",Electric Green,4 GB RAM , 64 GB ROM,48MP Rear Camera , 8MP Front Camera,16.59 cm (6.53 inch),Full HD+ Display,Qualcomm Snapdragon 662 Processor,Octa Core,6000 mAh,"₹10,499",https://www.flipkart.com/redmi-9-power-electric-green-64-gb/p/itmca7d78e222ed7?pid=MOBFYZ7AVAXXB2TH&lid=LSTMOBFYZ7AVAXXB2THVSNL0U&marketplace=FLIPKART&q=xiaomi+smartphone&store=tyy%2F4io&srno=s_1_5&otracker=search&otracker1=search&fm=SEARCH&iid=f7a3dabb-2211-4bf3-8995-035dc20092cc.MOBFYZ7AVAXXB2TH.SEARCH&ppt=hp&ppn=homepage&ssid=t0b56fsjsw0000001623076876939&qH=6cd432542380f9e8
5,XIAOMI,"REDMI 9 Prime (Sunrise Flare, 64 GB)",Sunrise Flare,4 GB RAM , 64 GB ROM ,13MP Rear Camera , 8MP Front Camera,16.59 cm (6.53 inch),Full HD+ Display,MediaTek Helio G80 Processor,Octa Core,5020 mAh,"₹9,999",https://www.flipkart.com/redmi-9-prime-sunrise-flare-64-gb/p/itmbd255e5962722?pid=MOBFUTBVDZHZSG2P&lid=LSTMOBFUTBVDZHZSG2PDEKID5&marketplace=FLIPKART&q=xiaomi+smartphone&store=tyy%2F4io&srno=s_1_6&otracker=search&otracker1=search&fm=SEARCH&iid=f7a3dabb-2211-4bf3-8995-035dc20092cc.MOBFUTBVDZHZSG2P.SEARCH&ppt=hp&ppn=homepage&ssid=t0b56fsjsw0000001623076876939&qH=6cd432542380f9e8
6,XIAOMI,"REDMI 9 Power (Mighty Black, 128 GB)",Mighty Black,6 GB RAM , 128 GB ROM,48MP Rear Camera , 8MP Front Camera,16.59 cm (6.53 inch),Full HD+ Display,Qualcomm® Snapdragon™ 662 Processor,Octa Core,6000 mAh,"₹12,999",https://www.flipkart.com/redmi-9-power-mighty-black-128-gb/p/itm74c84b4084cc5?pid=MOBGYMD9AVZZH9WX&lid=LSTMOBGYMD9AVZZH9WXVMYAUI&marketplace=FLIPKART&q=xiaomi+smartphone&store=tyy%2F4io&srno=s_1_7&otracker=search&otracker1=search&fm=SEARCH&iid=f7a3dabb-2211-4bf3-8995-035dc20092cc.MOBGYMD9AVZZH9WX.SEARCH&ppt=hp&ppn=homepage&ssid=t0b56fsjsw0000001623076876939&qH=6cd432542380f9e8
7,XIAOMI,"REDMI 9 Power (Mighty Black, 64 GB)",Mighty Black,4 GB RAM , 64 GB ROM,48MP Rear Camera , 8MP Front Camera,16.59 cm (6.53 inch),Full HD+ Display,Qualcomm Snapdragon 662 Processor,Octa Core,6000 mAh,"₹10,499",https://www.flipkart.com/redmi-9-power-mighty-black-64-gb/p/itm481ab234a6553?pid=MOBFYZ94UWPWQRNF&lid=LSTMOBFYZ94UWPWQRNFD8SF5T&marketplace=FLIPKART&q=xiaomi+smartphone&store=tyy%2F4io&srno=s_1_8&otracker=search&otracker1=search&fm=SEARCH&iid=f7a3dabb-2211-4bf3-8995-035dc20092cc.MOBFYZ94UWPWQRNF.SEARCH&ppt=hp&ppn=homepage&ssid=t0b56fsjsw0000001623076876939&qH=6cd432542380f9e8
8,XIAOMI,"REDMI Note 9 (Aqua Green, 64 GB)",Aqua Green,4 GB RAM , 64 GB ROM ,48MP + 8MP + 2MP + 2MP , 13MP Front Camera,16.59 cm (6.53 inch),Full HD+ Display,MediaTek Helio G85 Processor,Octa Core,5020 mAh,"₹10,999",https://www.flipkart.com/redmi-note-9-aqua-green-64-gb/p/itme8bb16e02dfa2?pid=MOBFU3ZFAB7VQJHY&lid=LSTMOBFU3ZFAB7VQJHY14W4ET&marketplace=FLIPKART&q=xiaomi+smartphone&store=tyy%2F4io&srno=s_1_9&otracker=search&otracker1=search&fm=SEARCH&iid=f7a3dabb-2211-4bf3-8995-035dc20092cc.MOBFU3ZFAB7VQJHY.SEARCH&ppt=hp&ppn=homepage&ssid=t0b56fsjsw0000001623076876939&qH=6cd432542380f9e8
9,XIAOMI,"REDMI Note 9 (Arctic White, 64 GB)",Arctic White,4 GB RAM , 64 GB ROM ,48MP + 8MP + 2MP + 2MP , 13MP Front Camera,16.59 cm (6.53 inch),Full HD+ Display,MediaTek Helio G85 Processor,Octa Core,5020 mAh,"₹10,999",https://www.flipkart.com/redmi-note-9-arctic-white-64-gb/p/itm4ab07b858925c?pid=MOBFU3ZFXMWJCSHP&lid=LSTMOBFU3ZFXMWJCSHPXQ6FTB&marketplace=FLIPKART&q=xiaomi+smartphone&store=tyy%2F4io&srno=s_1_10&otracker=search&otracker1=search&fm=SEARCH&iid=f7a3dabb-2211-4bf3-8995-035dc20092cc.MOBFU3ZFXMWJCSHP.SEARCH&ppt=hp&ppn=homepage&ssid=t0b56fsjsw0000001623076876939&qH=6cd432542380f9e8
10,XIAOMI,"REDMI 9 Power (Fiery Red, 64 GB)",Fiery Red,4 GB RAM , 64 GB ROM,48MP Rear Camera , 8MP Front Camera,16.59 cm (6.53 inch),Full HD+ Display,Qualcomm Snapdragon 662 Processor,Octa Core,6000 mAh,"₹10,499",https://www.flipkart.com/redmi-9-power-fiery-red-64-gb/p/itmcd78b9bc04aa9?pid=MOBFYZF8XVSHPK5M&lid=LSTMOBFYZF8XVSHPK5MMUYMJE&marketplace=FLIPKART&q=xiaomi+smartphone&store=tyy%2F4io&srno=s_1_11&otracker=search&otracker1=search&fm=SEARCH&iid=f7a3dabb-2211-4bf3-8995-035dc20092cc.MOBFYZF8XVSHPK5M.SEARCH&ppt=hp&ppn=homepage&ssid=t0b56fsjsw0000001623076876939&qH=6cd432542380f9e8
11,XIAOMI,"REDMI 9 Power (Blazing Blue, 64 GB)",Blazing Blue,4 GB RAM , 64 GB ROM,48MP Rear Camera , 8MP Front Camera,16.59 cm (6.53 inch),Full HD+ Display,Qualcomm Snapdragon 662 Processor,Octa Core,6000 mAh,"₹10,499",https://www.flipkart.com/redmi-9-power-blazing-blue-64-gb/p/itm9533b02ba34ef?pid=MOBFYZ7HHGJUATYD&lid=LSTMOBFYZ7HHGJUATYDFYZRIS&marketplace=FLIPKART&q=xiaomi+smartphone&store=tyy%2F4io&srno=s_1_12&otracker=search&otracker1=search&fm=SEARCH&iid=f7a3dabb-2211-4bf3-8995-035dc20092cc.MOBFYZ7HHGJUATYD.SEARCH&ppt=hp&ppn=homepage&ssid=t0b56fsjsw0000001623076876939&qH=6cd432542380f9e8
12,XIAOMI,"REDMI 9 Power (Mighty Black, 128 GB)",Mighty Black,4 GB RAM , 128 GB ROM,48MP Rear Camera , 8MP Front Camera,16.59 cm (6.53 inch),Full HD+ Display,Qualcomm Snapdragon 662 Processor,Octa Core,6000 mAh,"₹11,999",https://www.flipkart.com/redmi-9-power-mighty-black-128-gb/p/itm3108d5bba4d22?pid=MOBFYZFQGUURGNCQ&lid=LSTMOBFYZFQGUURGNCQ6XQOHW&marketplace=FLIPKART&q=xiaomi+smartphone&store=tyy%2F4io&srno=s_1_13&otracker=search&otracker1=search&fm=SEARCH&iid=f7a3dabb-2211-4bf3-8995-035dc20092cc.MOBFYZFQGUURGNCQ.SEARCH&ppt=hp&ppn=homepage&ssid=t0b56fsjsw0000001623076876939&qH=6cd432542380f9e8
13,XIAOMI,"REDMI 9 Prime (Matte Black, 64 GB)",Matte Black,4 GB RAM , 64 GB ROM ,13MP Rear Camera , 8MP Front Camera,16.59 cm (6.53 inch),Full HD+ Display,MediaTek Helio G80 Processor,Octa Core,5020 mAh,"₹9,999",https://www.flipkart.com/redmi-9-prime-matte-black-64-gb/p/itmeeb1764ec0fcf?pid=MOBFUSCC57HCZGKG&lid=LSTMOBFUSCC57HCZGKGQ6TSNL&marketplace=FLIPKART&q=xiaomi+smartphone&store=tyy%2F4io&srno=s_1_14&otracker=search&otracker1=search&fm=SEARCH&iid=f7a3dabb-2211-4bf3-8995-035dc20092cc.MOBFUSCC57HCZGKG.SEARCH&ppt=hp&ppn=homepage&ssid=t0b56fsjsw0000001623076876939&qH=6cd432542380f9e8
14,XIAOMI,"REDMI Note 9 (Shadow Black, 64 GB)",Shadow Black,4 GB RAM , 64 GB ROM ,48MP + 8MP + 2MP + 2MP , 13MP Front Camera,16.59 cm (6.53 inch),Full HD+ Display,MediaTek Helio G85 Processor,Octa Core,5020 mAh,"₹10,999",https://www.flipkart.com/redmi-note-9-shadow-black-64-gb/p/itm70628269ecd57?pid=MOBFXEPZM4DX89AQ&lid=LSTMOBFXEPZM4DX89AQLO98VX&marketplace=FLIPKART&q=xiaomi+smartphone&store=tyy%2F4io&srno=s_1_15&otracker=search&otracker1=search&fm=SEARCH&iid=f7a3dabb-2211-4bf3-8995-035dc20092cc.MOBFXEPZM4DX89AQ.SEARCH&ppt=hp&ppn=homepage&ssid=t0b56fsjsw0000001623076876939&qH=6cd432542380f9e8
15,XIAOMI,"Redmi 9 (Sporty Orange, 64 GB)",Sporty Orange,4 GB RAM , 64 GB ROM,13MP + 8MP , 5MP Front Camera,16.59 cm (6.53 inch),HD+ Display,MediaTek Helio G35 Processor,-,5000 mAh,"₹9,170",https://www.flipkart.com/redmi-9-sporty-orange-64-gb/p/itm4fb151383983b?pid=MOBFV5FPCJC9ZKRB&lid=LSTMOBFV5FPCJC9ZKRBISX1DP&marketplace=FLIPKART&q=xiaomi+smartphone&store=tyy%2F4io&srno=s_1_16&otracker=search&otracker1=search&fm=SEARCH&iid=f7a3dabb-2211-4bf3-8995-035dc20092cc.MOBFV5FPCJC9ZKRB.SEARCH&ppt=hp&ppn=homepage&ssid=t0b56fsjsw0000001623076876939&qH=6cd432542380f9e8
16,XIAOMI,"REDMI Note 9 (Arctic White, 128 GB)",Arctic White,4 GB RAM , 128 GB ROM ,48MP + 8MP + 2MP + 2MP , 13MP Front Camera,16.59 cm (6.53 inch),Full HD+ Display,MediaTek Helio G85 Processor,Octa Core,5020 mAh,"₹12,999",https://www.flipkart.com/redmi-note-9-arctic-white-128-gb/p/itm7b7841c67bd44?pid=MOBFU3ZFB27C2VTH&lid=LSTMOBFU3ZFB27C2VTHAZKAHN&marketplace=FLIPKART&q=xiaomi+smartphone&store=tyy%2F4io&srno=s_1_17&otracker=search&otracker1=search&fm=SEARCH&iid=f7a3dabb-2211-4bf3-8995-035dc20092cc.MOBFU3ZFB27C2VTH.SEARCH&ppt=hp&ppn=homepage&ssid=t0b56fsjsw0000001623076876939&qH=6cd432542380f9e8
17,XIAOMI,"Redmi 9 (Sky Blue, 64 GB)",Sky Blue,4 GB RAM , 64 GB ROM,13MP + 2MP , 5MP Front Camera,16.59 cm (6.53 inch),HD+ Display,MediaTek Helio G35 Processor,-,5000 mAh,"₹9,270",https://www.flipkart.com/redmi-9-sky-blue-64-gb/p/itm4fb151383983b?pid=MOBFV5FPUS8UHG9H&lid=LSTMOBFV5FPUS8UHG9HVCOXLI&marketplace=FLIPKART&q=xiaomi+smartphone&store=tyy%2F4io&srno=s_1_18&otracker=search&otracker1=search&fm=SEARCH&iid=f7a3dabb-2211-4bf3-8995-035dc20092cc.MOBFV5FPUS8UHG9H.SEARCH&ppt=hp&ppn=homepage&ssid=t0b56fsjsw0000001623076876939&qH=6cd432542380f9e8
18,XIAOMI,"REDMI 9 Power (Electric Green, 128 GB)",Electric Green,6 GB RAM , 128 GB ROM,48MP Rear Camera , 8MP Front Camera,16.59 cm (6.53 inch),Full HD+ Display,Qualcomm® Snapdragon™ 662 Processor,Octa Core,6000 mAh,"₹12,999",https://www.flipkart.com/redmi-9-power-electric-green-128-gb/p/itm6b72de6ad62b2?pid=MOBGYMD5HHNBHMCK&lid=LSTMOBGYMD5HHNBHMCKYPGDYX&marketplace=FLIPKART&q=xiaomi+smartphone&store=tyy%2F4io&srno=s_1_19&otracker=search&otracker1=search&fm=SEARCH&iid=f7a3dabb-2211-4bf3-8995-035dc20092cc.MOBGYMD5HHNBHMCK.SEARCH&ppt=hp&ppn=homepage&ssid=t0b56fsjsw0000001623076876939&qH=6cd432542380f9e8
19,XIAOMI,"Redmi 9A (SeaBlue, 32 GB)",SeaBlue,2 GB RAM , 32 GB ROM,-,-,16.59 cm (6.53 inch),Full HD+ Display,-,Octa Core,5000 mAh,"₹7,380",https://www.flipkart.com/redmi-9a-seablue-32-gb/p/itmeabd39a0cd669?pid=MOBFVD9ZGTYR2WGR&lid=LSTMOBFVD9ZGTYR2WGRRUHRWS&marketplace=FLIPKART&q=xiaomi+smartphone&store=tyy%2F4io&srno=s_1_20&otracker=search&otracker1=search&fm=SEARCH&iid=f7a3dabb-2211-4bf3-8995-035dc20092cc.MOBFVD9ZGTYR2WGR.SEARCH&ppt=hp&ppn=homepage&ssid=t0b56fsjsw0000001623076876939&qH=6cd432542380f9e8
20,XIAOMI,"Redmi 9A (Midnight Black, 32 GB)",Midnight Black,2 GB RAM , 32 GB ROM,-,-,16.59 cm (6.53 inch),Full HD+ Display,-,Octa Core,5000 mAh,"₹7,335",https://www.flipkart.com/redmi-9a-midnight-black-32-gb/p/itmeabd39a0cd669?pid=MOBFVDA2RWTCFBHZ&lid=LSTMOBFVDA2RWTCFBHZC9GCG4&marketplace=FLIPKART&q=xiaomi+smartphone&store=tyy%2F4io&srno=s_1_21&otracker=search&otracker1=search&fm=SEARCH&iid=f7a3dabb-2211-4bf3-8995-035dc20092cc.MOBFVDA2RWTCFBHZ.SEARCH&ppt=hp&ppn=homepage&ssid=t0b56fsjsw0000001623076876939&qH=6cd432542380f9e8
21,XIAOMI,"Redmi 9A (Nature Green, 32 GB)",Nature Green,2 GB RAM , 32 GB ROM,-,-,16.59 cm (6.53 inch),Full HD+ Display,-,Octa Core,5000 mAh,"₹7,360",https://www.flipkart.com/redmi-9a-nature-green-32-gb/p/itmeabd39a0cd669?pid=MOBFVDA5QCGNZKH9&lid=LSTMOBFVDA5QCGNZKH9LPVRPQ&marketplace=FLIPKART&q=xiaomi+smartphone&store=tyy%2F4io&srno=s_1_22&otracker=search&otracker1=search&fm=SEARCH&iid=f7a3dabb-2211-4bf3-8995-035dc20092cc.MOBFVDA5QCGNZKH9.SEARCH&ppt=hp&ppn=homepage&ssid=t0b56fsjsw0000001623076876939&qH=6cd432542380f9e8
22,XIAOMI,"Redmi 9A (Nature Green, 32 GB)",Nature Green,3 GB RAM , 32 GB ROM ,13MP Rear Camera , 5MP Front Camera,16.59 cm (6.53 inch),HD+ Display,MediaTek Helio G25 Processor,Octa Core,5000 mAh,"₹7,990",https://www.flipkart.com/redmi-9a-nature-green-32-gb/p/itmeabd39a0cd669?pid=MOBFVDAFCKBNXQ7E&lid=LSTMOBFVDAFCKBNXQ7EVWBXDD&marketplace=FLIPKART&q=xiaomi+smartphone&store=tyy%2F4io&srno=s_1_23&otracker=search&otracker1=search&fm=SEARCH&iid=f7a3dabb-2211-4bf3-8995-035dc20092cc.MOBFVDAFCKBNXQ7E.SEARCH&ppt=hp&ppn=homepage&ssid=t0b56fsjsw0000001623076876939&qH=6cd432542380f9e8
23,XIAOMI,"Redmi 9 (Sky Blue, 128 GB)",Sky Blue,4 GB RAM , 128 GB ROM,13MP + 8MP , 5MP Front Camera,16.59 cm (6.53 inch),HD+ Display,MediaTek Helio G35 Processor,-,5000 mAh,"₹11,990",https://www.flipkart.com/redmi-9-sky-blue-128-gb/p/itm4fb151383983b?pid=MOBFV5FPGQPG9CEZ&lid=LSTMOBFV5FPGQPG9CEZPDBZBU&marketplace=FLIPKART&q=xiaomi+smartphone&store=tyy%2F4io&srno=s_1_24&otracker=search&otracker1=search&fm=SEARCH&iid=f7a3dabb-2211-4bf3-8995-035dc20092cc.MOBFV5FPGQPG9CEZ.SEARCH&ppt=hp&ppn=homepage&ssid=t0b56fsjsw0000001623076876939&qH=6cd432542380f9e8
