,Indian_Movie_Name,IMDB_Rating,Year of Release
0,Pather Panchali,8.5,1955
1,Nayakan,8.5,1987
2,Gol Maal,8.5,1979
3,Anbe Sivam,8.5,2003
4,Apur Sansar,8.5,1959
5,C/o Kancharapalem,8.5,2018
6,Drishyam 2,8.5,2021
7,Pariyerum Perumal,8.5,2018
8,Kireedam,8.4,1989
9,Natsamrat,8.4,2016
10,Manichitrathazhu,8.4,1993
11,Black Friday,8.4,2004
12,96,8.4,2018
13,Thevar Magan,8.4,1992
14,Kumbalangi Nights,8.4,2019
15,3 Idiots,8.3,2009
16,Visaaranai,8.3,2015
17,Taare Zameen Par,8.3,2007
18,Ratsasan,8.3,2018
19,Dangal,8.3,2016
20,Jersey,8.3,2019
21,Thalapathi,8.3,1991
22,Aparajito,8.3,1956
23,Asuran,8.3,2019
24,Jaane Bhi Do Yaaro,8.3,1983
25,Kaithi,8.3,2019
26,Soorarai Pottru,8.3,2020
27,Pyaasa,8.3,1957
28,Guide,8.3,1965
29,Kannathil Muthamittal,8.2,2002
30,Peranbu,8.2,2018
31,Thani Oruvan,8.2,2015
32,Vada Chennai,8.2,2018
33,Chupke Chupke,8.2,1975
34,Iruvar,8.2,1997
35,Vikram Vedha,8.2,2017
36,Aruvi,8.2,2016
37,Agent Sai Srinivasa Athreya,8.2,2019
38,Drishyam,8.2,2013
39,Super Deluxe,8.2,2019
40,Khosla Ka Ghosla!,8.2,2006
41,Mahanati,8.2,2018
42,Anand,8.2,1971
43,Tumbbad,8.2,2018
44,Pudhu Pettai,8.2,2006
45,Premam,8.2,2015
46,Kaakkaa Muttai,8.2,2014
47,Andhadhun,8.2,2018
48,Dhuruvangal Pathinaaru,8.2,2016
49,Anniyan,8.2,2005
50,Bangalore Days,8.2,2014
51,Mudhalvan,8.2,1999
52,Satya,8.2,1998
53,Papanasam,8.2,2015
54,Shahid,8.2,2012
55,Soodhu Kavvum,8.2,2013
56,Jigarthanda,8.1,2014
57,Pithamagan,8.1,2003
58,Sairat,8.1,2016
59,Gangs of Wasseypur,8.1,2012
60,Paan Singh Tomar,8.1,2012
61,Bhaag Milkha Bhaag,8.1,2013
62,Talvar,8.1,2015
63,Black,8.1,2005
64,Nil Battey Sannata,8.1,2015
65,Sholay,8.1,1975
66,Charulata,8.1,1964
67,Hera Pheri,8.1,2000
68,"Swades: We, the People",8.1,2004
69,Chak De! India,8.1,2007
70,Ustad Hotel,8.1,2012
71,Jo Jeeta Wohi Sikandar,8.1,1992
72,Mughal-E-Azam,8.1,1960
73,Article 15,8.1,2019
74,Drishyam,8.1,2015
75,Zindagi Na Milegi Dobara,8.1,2011
76,Udaan,8.1,2010
77,Maheshinte Prathikaaram,8.1,2016
78,Queen,8.1,2013
79,A Wednesday,8.1,2008
80,Theeran adhigaaram ondru,8.1,2017
81,Masaan,8.1,2015
82,Sarfarosh,8.1,1999
83,Munna Bhai M.B.B.S.,8.1,2003
84,Alai Payuthey,8.1,2000
85,Roja,8.1,1992
86,Dil Chahta Hai,8.1,2001
87,OMG: Oh My God!,8.1,2012
88,Rang De Basanti,8.1,2006
89,Baasha,8.1,1995
90,Kahaani,8.1,2012
91,Lagaan: Once Upon a Time in India,8.1,2001
92,Andaz Apna Apna,8.1,1994
93,PK,8.1,2014
94,Uri: The Surgical Strike,8.1,2018
95,Iqbal,8.1,2005
96,Chhichhore,8.1,2019
97,Lucia,8.1,2013
98,Bommarillu,8.0,2006
99,The Legend of Bhagat Singh,8.0,2002
